<keymap version="1" name="Shival macOs" parent="$default">
  <action id="$Copy">
    <keyboard-shortcut first-keystroke="meta c" />
  </action>
  <action id="$Cut">
    <keyboard-shortcut first-keystroke="shift delete" />
    <keyboard-shortcut first-keystroke="meta x" />
  </action>
  <action id="$Paste" />
  <action id="$Redo">
    <keyboard-shortcut first-keystroke="shift alt back_space" />
  </action>
  <action id="$SelectAll">
    <keyboard-shortcut first-keystroke="meta a" />
  </action>
  <action id="$Undo">
    <keyboard-shortcut first-keystroke="alt back_space" />
    <keyboard-shortcut first-keystroke="meta z" />
  </action>
  <action id="ActivateCommitToolWindow">
    <keyboard-shortcut first-keystroke="alt 0" />
    <keyboard-shortcut first-keystroke="ctrl 3" />
  </action>
  <action id="ActivateFindToolWindow" />
  <action id="ActivateProjectToolWindow">
    <keyboard-shortcut first-keystroke="ctrl 1" />
  </action>
  <action id="ActivateTerminalToolWindow">
    <keyboard-shortcut first-keystroke="ctrl f12" />
  </action>
  <action id="ChangesView.ShelveSilently" />
  <action id="ChangesView.ToggleCommitUi" />
  <action id="CheckinProject" />
  <action id="CloseContent">
    <keyboard-shortcut first-keystroke="ctrl w" />
  </action>
  <action id="CodeCompletion">
    <keyboard-shortcut first-keystroke="alt space" />
  </action>
  <action id="CollapseAll">
    <keyboard-shortcut first-keystroke="ctrl subtract" />
  </action>
  <action id="CollapseExpandableComponent">
    <keyboard-shortcut first-keystroke="shift enter" />
    <keyboard-shortcut first-keystroke="ctrl subtract" />
  </action>
  <action id="CollapseRegion">
    <keyboard-shortcut first-keystroke="ctrl subtract" />
  </action>
  <action id="CommentByLineComment">
    <keyboard-shortcut first-keystroke="ctrl slash" />
    <keyboard-shortcut first-keystroke="ctrl divide" />
    <keyboard-shortcut first-keystroke="meta slash" />
  </action>
  <action id="CompareTwoFiles" />
  <action id="Console.Execute.Multiline" />
  <action id="Console.SplitLine" />
  <action id="CopyPaths">
    <keyboard-shortcut first-keystroke="shift ctrl c" />
    <keyboard-shortcut first-keystroke="shift meta c" />
  </action>
  <action id="Diff.ShowDiff" />
  <action id="DirDiffMenu.SynchronizeDiff.All" />
  <action id="DuplicatesForm.SendToLeft" />
  <action id="Editor Copy">
    <keyboard-shortcut first-keystroke="meta c" />
  </action>
  <action id="Editor Cut">
    <keyboard-shortcut first-keystroke="meta x" />
  </action>
  <action id="Editor SelectAll">
    <keyboard-shortcut first-keystroke="meta a" />
  </action>
  <action id="Editor Undo">
    <keyboard-shortcut first-keystroke="meta z" />
  </action>
  <action id="EditorBackwardParagraphWithSelection">
    <keyboard-shortcut first-keystroke="shift meta up" />
  </action>
  <action id="EditorCodeBlockEndWithSelection">
    <keyboard-shortcut first-keystroke="shift ctrl close_bracket" />
    <keyboard-shortcut first-keystroke="shift meta close_bracket" />
  </action>
  <action id="EditorCodeBlockStartWithSelection">
    <keyboard-shortcut first-keystroke="shift ctrl open_bracket" />
    <keyboard-shortcut first-keystroke="shift meta open_bracket" />
  </action>
  <action id="EditorDeleteLine">
    <keyboard-shortcut first-keystroke="ctrl y" />
    <keyboard-shortcut first-keystroke="meta y" />
  </action>
  <action id="EditorDuplicate" />
  <action id="EditorDuplicateLines">
    <keyboard-shortcut first-keystroke="meta d" />
  </action>
  <action id="EditorForwardParagraphWithSelection">
    <keyboard-shortcut first-keystroke="shift meta down" />
  </action>
  <action id="EditorJoinLines">
    <keyboard-shortcut first-keystroke="shift ctrl j" />
    <keyboard-shortcut first-keystroke="shift meta j" />
  </action>
  <action id="EditorNextWord">
    <keyboard-shortcut first-keystroke="meta right" />
  </action>
  <action id="EditorNextWordWithSelection">
    <keyboard-shortcut first-keystroke="shift ctrl right" />
    <keyboard-shortcut first-keystroke="shift meta right" />
  </action>
  <action id="EditorPaste">
    <keyboard-shortcut first-keystroke="meta v" />
  </action>
  <action id="EditorPreviousWord">
    <keyboard-shortcut first-keystroke="meta left" />
  </action>
  <action id="EditorPreviousWordWithSelection">
    <keyboard-shortcut first-keystroke="shift ctrl left" />
    <keyboard-shortcut first-keystroke="shift meta left" />
  </action>
  <action id="EditorSelectSingleLineAtCaret">
    <keyboard-shortcut first-keystroke="ctrl l" />
  </action>
  <action id="EditorSelectWord" />
  <action id="EditorSplitLine" />
  <action id="EditorTextEnd">
    <keyboard-shortcut first-keystroke="meta down" />
  </action>
  <action id="EditorTextEndWithSelection">
    <keyboard-shortcut first-keystroke="shift meta end" />
  </action>
  <action id="EditorTextStart">
    <keyboard-shortcut first-keystroke="meta up" />
  </action>
  <action id="EditorTextStartWithSelection">
    <keyboard-shortcut first-keystroke="shift meta home" />
  </action>
  <action id="EditorToggleColumnMode">
    <keyboard-shortcut first-keystroke="ctrl i" />
  </action>
  <action id="Exit">
    <keyboard-shortcut first-keystroke="meta q" />
  </action>
  <action id="ExpandAll">
    <keyboard-shortcut first-keystroke="ctrl add" />
  </action>
  <action id="ExpandExpandableComponent">
    <keyboard-shortcut first-keystroke="shift enter" />
    <keyboard-shortcut first-keystroke="ctrl add" />
  </action>
  <action id="ExpandRegion">
    <keyboard-shortcut first-keystroke="ctrl add" />
  </action>
  <action id="ExternalSystem.CollapseAll">
    <keyboard-shortcut first-keystroke="ctrl subtract" />
  </action>
  <action id="ExternalSystem.ExpandAll">
    <keyboard-shortcut first-keystroke="ctrl add" />
  </action>
  <action id="FileChooser.GotoDesktop" />
  <action id="FileChooser.GotoHome" />
  <action id="FileChooser.GotoModule" />
  <action id="FileChooser.NewFolder" />
  <action id="FileStructurePopup">
    <keyboard-shortcut first-keystroke="meta f12" />
  </action>
  <action id="Find">
    <keyboard-shortcut first-keystroke="ctrl f" />
    <keyboard-shortcut first-keystroke="alt f3" />
    <keyboard-shortcut first-keystroke="meta f" />
  </action>
  <action id="FindInPath">
    <keyboard-shortcut first-keystroke="shift ctrl f" />
    <keyboard-shortcut first-keystroke="shift meta f" />
  </action>
  <action id="FindNext">
    <keyboard-shortcut first-keystroke="f3" />
  </action>
  <action id="Generate.Missing.Members.ES6" />
  <action id="Generate.Missing.Members.TypeScript" />
  <action id="Git.Commit.Stage" />
  <action id="GotoAction">
    <keyboard-shortcut first-keystroke="shift meta a" />
  </action>
  <action id="GotoBookmark1" />
  <action id="GotoBookmark3" />
  <action id="GotoClass" />
  <action id="GotoFile">
    <keyboard-shortcut first-keystroke="shift meta n" />
  </action>
  <action id="HideActiveWindow">
    <keyboard-shortcut first-keystroke="shift escape" />
    <keyboard-shortcut first-keystroke="ctrl escape" />
  </action>
  <action id="HideAllWindows" />
  <action id="Images.Editor.ZoomIn">
    <keyboard-shortcut first-keystroke="ctrl add" />
  </action>
  <action id="Images.Editor.ZoomOut">
    <keyboard-shortcut first-keystroke="ctrl subtract" />
  </action>
  <action id="ImplementMethods" />
  <action id="IntentionActionAsAction_com.intellij.openapi.editor.actions.lists.SplitLineIntention">
    <keyboard-shortcut first-keystroke="shift meta g" />
  </action>
  <action id="LocalHistory.ShowHistory">
    <keyboard-shortcut first-keystroke="ctrl h" />
  </action>
  <action id="ManageRecentProjects">
    <keyboard-shortcut first-keystroke="ctrl r" />
  </action>
  <action id="MethodHierarchy" />
  <action id="MethodHierarchy.BaseOnThisMethod" />
  <action id="NavBar-selectHome" />
  <action id="NewDir">
    <keyboard-shortcut first-keystroke="ctrl d" />
  </action>
  <action id="NewFile">
    <keyboard-shortcut first-keystroke="ctrl n" />
  </action>
  <action id="NextSplitter">
    <keyboard-shortcut first-keystroke="ctrl equals" />
  </action>
  <action id="NextTab">
    <keyboard-shortcut first-keystroke="alt right" />
    <keyboard-shortcut first-keystroke="ctrl right" />
  </action>
  <action id="OpenFile">
    <keyboard-shortcut first-keystroke="ctrl k" second-keystroke="ctrl o" />
  </action>
  <action id="PX2RWDWithFileID">
    <keyboard-shortcut first-keystroke="shift ctrl z" />
  </action>
  <action id="PX2RWDWithLineID">
    <keyboard-shortcut first-keystroke="ctrl z" />
  </action>
  <action id="PasteMultiple">
    <keyboard-shortcut first-keystroke="ctrl v" />
    <keyboard-shortcut first-keystroke="shift meta v" />
  </action>
  <action id="PrevSplitter">
    <keyboard-shortcut first-keystroke="ctrl minus" />
  </action>
  <action id="PreviousTab">
    <keyboard-shortcut first-keystroke="alt left" />
    <keyboard-shortcut first-keystroke="ctrl left" />
  </action>
  <action id="RecentFiles">
    <keyboard-shortcut first-keystroke="shift ctrl e" />
  </action>
  <action id="RecentLocations">
    <keyboard-shortcut first-keystroke="ctrl e" />
  </action>
  <action id="ReopenClosedTab">
    <keyboard-shortcut first-keystroke="ctrl t" />
  </action>
  <action id="Replace" />
  <action id="SelectAllOccurrences">
    <keyboard-shortcut first-keystroke="shift ctrl meta j" />
    <keyboard-shortcut first-keystroke="ctrl a" second-keystroke="ctrl j" />
  </action>
  <action id="SendEOF" />
  <action id="ShowIntentionActions">
    <keyboard-shortcut first-keystroke="alt enter" />
    <keyboard-shortcut first-keystroke="ctrl enter" />
  </action>
  <action id="ShowTypeBookmarks" />
  <action id="SmartSelect" />
  <action id="SplitChooser.Duplicate" />
  <action id="SplitVertically">
    <keyboard-shortcut first-keystroke="ctrl k" second-keystroke="ctrl l" />
  </action>
  <action id="SurroundWithLiveTemplate">
    <keyboard-shortcut first-keystroke="ctrl a" second-keystroke="ctrl w" />
  </action>
  <action id="SwitcherIterateItems" />
  <action id="SwitcherRecentEditedChangedToggleCheckBox" />
  <action id="Terminal.ClearBuffer" />
  <action id="Terminal.CopySelectedText">
    <keyboard-shortcut first-keystroke="ctrl insert" />
  </action>
  <action id="Terminal.Paste">
    <keyboard-shortcut first-keystroke="shift insert" />
    <keyboard-shortcut first-keystroke="meta v" />
  </action>
  <action id="Terminal.SmartCommandExecution.Run" />
  <action id="Terminal.SplitVertically">
    <keyboard-shortcut first-keystroke="shift ctrl 0" />
  </action>
  <action id="ToggleBookmark0" />
  <action id="ToggleFullScreen">
    <keyboard-shortcut first-keystroke="shift ctrl f11" />
  </action>
  <action id="TypeHierarchy" />
  <action id="TypeHierarchyBase.BaseOnThisType" />
  <action id="UsageFiltering.Imports" />
  <action id="UsageFiltering.ReadAccess" />
  <action id="UsageFiltering.WriteAccess" />
  <action id="Vcs.Log.FocusTextFilter" />
  <action id="Vcs.ShowTabbedFileHistory">
    <keyboard-shortcut first-keystroke="shift ctrl h" />
  </action>
  <action id="Vcs.UpdateProject" />
  <action id="ViewSource" />
  <action id="angularCliGenerate">
    <keyboard-shortcut first-keystroke="ctrl k" second-keystroke="ctrl n" />
  </action>
  <action id="emacsIDEAs.JustOneSpace" />
  <action id="org.intellij.plugins.markdown.ui.actions.styling.ToggleItalicAction" />
  <action id="org.lso.logit.addLog">
    <keyboard-shortcut first-keystroke="ctrl c" />
  </action>
</keymap>